{
    "renderOrder" : 
    [
        {
            "renderType" : "kCustomShader",
            "renderId" : "blur_body",
            "lsRenderTarget" : 
            {
                "s_texColor1" : "RenderTarget2"
            },
            "uniform":
            {
                "tex_rect":
                [
                    0.0,
                    0.0,
                    720.0,
                    1280.0
                ]
            },
            "vertexPath" : "vs_simple.bin",
            "fragmentPath" : "fs_blur_body.bin",
            "nextIds":["blur_body_merge"]
        },
        {
            "renderType" : "kCustomShader",
            "renderId" : "blur_body_merge",
            "lsRenderTarget" : 
            {
                "s_texColor1" : "RenderTarget2"
            },
            "uniform":
            {
                "tex_rect":
                [
                    0.0,
                    0.0,
                    720.0,
                    1280.0
                ]
            },
            "vertexPath" : "vs_simple.bin",
            "fragmentPath" : "fs_blur_body_merge.bin"
        }
    ]
}
